Brand,Processor_Speed,RAM_Size,Storage_Capacity,Screen_Size,Weight,Price
Lenovo,3.2416270596922305,4,256,11.853022680223374,2.029060648222903,9291.023542338657
HP,1.8813476072856528,16,256,11.94395768001097,4.84026810552111,9543.719980129945
Lenovo,2.940720900417033,32,256,11.713246347062432,4.344846437589197,10390.13731921554
Lenovo,3.01678761595714,4,256,15.588314848857674,2.9411195361561955,9214.484505999935
HP,1.783095114601888,16,256,14.040035893896476,2.1856571050414257,9731.982415267874
Asus,3.962102997405837,8,256,13.323423627068577,3.6061038235449536,9831.389961542602
HP,3.5972452161148354,32,256,16.439433264032978,3.698214939344495,11038.928125612205
Asus,1.8116567030081672,16,256,11.096371189886035,4.254358833378031,8971.512504748447
Acer,3.802104706543431,32,256,15.693027578547476,2.3958959588718853,10915.05717304083
Dell,3.674740905155321,16,256,11.746296987447948,3.539549251270336,9637.891638203962
Asus,2.79709514281518,16,256,15.785284163223196,2.5833429332950657,9593.110592180388
Dell,3.5071336214950284,16,256,14.006527281573184,2.9526637396085054,9929.514355970863
Lenovo,2.3337479292278607,4,256,14.205743311362054,2.26277389221784,9264.933977469056
Asus,2.367383004740569,32,256,11.710954152610404,2.8619801495267057,10605.76645913327
Lenovo,2.061512057349955,8,256,16.71480270012708,3.988388822629165,8973.58968596835
Acer,2.6310987903317336,16,256,12.36036429397978,4.611901644450471,9912.491624645294
Acer,1.9409674662655585,32,256,15.852739907381231,4.182587690675285,10174.195207302795
Dell,2.7459194318486992,32,256,15.06291447474604,3.453173556802548,10325.364732735776
HP,2.5473136237613696,4,256,14.750175116511237,4.081416670902235,9221.138434690329
Asus,3.78711475267025,16,256,12.89929799160722,3.658287104100749,10233.785822237818
Dell,2.4059847477915826,32,256,15.898464709790185,2.648751584559587,10333.321560418655
Asus,2.951470875695109,32,256,14.009092768878403,2.625765103223152,10781.539201207572
HP,1.9450899171743783,8,256,16.104081563629077,4.201716131005608,9280.14242169389
Acer,3.902675793673638,16,256,16.891434188459236,3.039676279449643,9701.0888184533
Asus,2.7554875258281064,8,256,11.118773950083526,3.754515895066646,9140.170447550205
Dell,3.3749011759979446,4,256,13.469932762740214,2.739559716913949,9081.898737916325
Asus,2.680167362774998,16,256,13.13512855555527,2.333411441996037,10029.5817669081
HP,3.4388190417375264,4,256,15.065245673021204,4.37156153081502,9362.265977008854
HP,2.60190686734557,16,256,13.288646248479868,2.31677463792992,9859.675147759026
Asus,2.501907652188315,32,256,16.892297222095777,2.135883930839232,10566.171029177392
Acer,3.654464052533793,4,256,15.685975361689948,2.104817739217965,9486.59493721812
Dell,3.10999885809754,32,256,12.951523435547312,3.513857073823087,10514.889245702288
Asus,2.5218354277452413,32,256,16.64763468945111,2.351840443401336,10859.96282331094
Acer,1.5677399812587087,16,256,11.618728174448457,3.9137056236588847,9437.652448312245
Asus,3.499790213432973,4,256,12.22664344369728,3.996095625256713,9454.453848798114
Lenovo,1.946361655135834,32,256,14.118225577366903,3.502132777510014,10327.843844709536
Dell,3.305667329639148,4,256,14.784202826952711,2.387523335729332,9107.981058442165
Acer,3.575549661417479,8,256,15.138673095488729,3.809576496844002,9491.27221480852
Dell,3.7408395463027992,32,256,11.410004629073626,2.5850269413158475,11055.045240035955
Asus,1.53250480877684,32,256,13.58224849814476,3.956279185644952,10462.141838886577
Lenovo,1.9535885877244927,32,256,14.320274096760244,3.5349157475570423,10711.444213390389
Lenovo,2.5535613764812446,16,256,15.222753865943046,2.8634938965548176,9478.12050527792
Lenovo,2.35454337924469,8,256,13.704118849633478,2.405240438677282,9143.215708902308
Acer,2.1485585835782315,16,256,15.03233623251352,2.455326229553306,9819.847510197049
Dell,2.975737356287019,4,256,14.154537317354809,4.831784850429374,9126.589411524554
Lenovo,2.523529130478101,16,256,12.044490051868577,2.004038812869691,9415.94255327567
HP,2.590316322838292,4,256,13.69450847006568,2.4301861100326776,9328.964725005384
Asus,3.871133267405392,8,256,12.27851005210885,3.392200068213514,9829.331415396638
Acer,3.7363805672352286,32,256,13.241328806286091,2.753240310995503,10905.979465289627
Acer,2.563033761173084,16,256,14.764919430705676,2.637001922860674,9790.713628803494
Acer,1.5561732708002936,16,256,13.313681077193888,2.366022240730667,9168.638971150249
HP,2.8142254557567146,4,256,12.28800718383522,2.08353172273224,8995.589695902025
Asus,2.941291188785634,8,256,11.505807887668102,4.018541400465635,9054.153840394143
Asus,2.8854450062894834,4,256,16.167917754890546,3.477797015665442,9162.53174614114
HP,2.016053179401508,16,256,13.630309880184567,3.193652526671069,9850.110563874518
Dell,1.8422140751720184,16,256,12.375031707284972,3.776050528367189,9771.526709907295
Dell,3.750046604620264,16,256,14.281255795256268,2.497703073112359,9926.27477787204
Dell,3.684725193906288,16,256,15.024053152293954,2.074052471673754,9941.850074437516
Dell,3.162591686365639,32,256,14.923964554038808,4.519461056610465,10791.994833192382
HP,3.0078802736659704,8,256,13.548629182550318,3.816443751577836,9750.09939150324
Asus,2.1133727742033024,16,256,12.292066288295317,2.923659146048748,9801.241333636794
Dell,2.2217343419267497,4,256,14.568819288066738,3.8434573325348937,9000.733644385671
Dell,2.2428042890579376,32,256,16.309785849083525,4.26900280874866,10314.43387717169
Asus,2.690126005497749,4,256,13.961005952926447,4.772861212383983,9084.371552686822
Asus,3.15917791340662,32,256,12.699828574549583,2.9774703823114543,10869.936265088454
Lenovo,3.331430243025625,16,256,13.38468894139455,3.3270995993072563,9960.39760411128
Lenovo,1.6285645337106258,32,256,15.624455185433307,2.382108420343643,10282.909929516276
HP,3.547755794185499,8,256,14.827725576108431,2.0409020717174644,9241.110049105846
Lenovo,3.236741177136067,4,256,13.996590619201012,3.6630700436491073,9141.792983885032
Acer,2.402434742350067,32,256,15.703924152136132,4.44582899327168,10241.803176187252
HP,3.793283938655607,16,256,14.000480709629496,4.470819262394569,10263.360342654723
Lenovo,1.8420465772974035,16,256,15.710586284574246,4.696363669212043,9881.335513541208
Dell,2.615014432394889,8,256,12.206592364656004,4.4367743629710255,9435.386839490424
Asus,3.5164028696536245,32,256,12.26017609709769,3.1696992388732417,10474.26099123632
Asus,3.146958416776793,32,256,12.686228488286169,3.4401421319302568,10622.17676840154
Lenovo,3.2306914112946314,8,256,15.277760047152835,2.414046461060156,9346.064573576532
Asus,3.6229891289132974,8,256,11.068954839788692,2.2431158313951705,9303.954706859848
Lenovo,3.969170019991617,32,256,14.098546329311668,2.26294950858396,10901.062546460897
Asus,3.860148349216533,4,256,15.719134294345082,2.1974352820717296,9803.702788206429
Dell,3.263937931289221,8,256,15.480659837202309,3.39144274918304,9635.717452517947
Dell,3.8131207935391647,4,256,15.323393291866438,2.960081949687176,9094.784528168608
HP,1.9514383628183336,8,256,15.958928541174576,3.4293838137181987,9279.03174625438
Dell,2.9198630763815734,4,256,13.67720732586526,2.954912284077042,9194.57565829342
Lenovo,3.7887207439701047,4,256,15.835067195706998,3.46710732592286,9477.922638839167
Dell,3.2435506681171,16,256,16.54736633226083,3.776904113186287,10254.303767339708
HP,3.810990488441326,16,256,14.320281127194486,3.09401202870301,10027.7082709325
Asus,3.572288685376693,8,256,15.855946389711574,3.2778131254008183,9925.178427088164
Dell,2.075022093219258,4,256,13.241121061398124,4.341043588220476,9340.21826144707
Asus,1.801417214443197,32,256,12.628992525091206,4.02110520062647,10321.729413074818
Lenovo,2.3496874094201656,32,256,16.42135066059518,3.4761634681472016,10668.632633116544
Lenovo,2.848728230938343,4,256,14.12959637606815,3.653152859884797,9024.89080903652
Asus,2.296881257330175,4,256,16.306259282137827,2.8467874112387985,9385.939545131734
Asus,3.714944370590468,32,256,13.771060887650664,2.8335354896196963,11008.9067734798
Lenovo,1.553173527125968,8,256,13.46656165328264,3.422492888815959,8991.512288250062
Dell,3.6867541817104974,32,256,15.331575365094077,2.2000816442163464,10405.95143539082
HP,3.994835276333344,32,256,15.443756893366224,3.5696391649126245,10697.836784094568
Lenovo,2.504827284023105,16,256,15.736593165171149,3.795785322214012,10131.593323529152
Dell,3.068763658045925,4,256,14.248217660943611,2.461758529348715,9384.824877131963
Asus,3.684192785465847,8,256,13.071379722019834,4.931095029635528,9664.037025023415
Dell,3.9602086729982378,16,256,13.485205553430982,3.6343166809483662,9978.874050006958
Asus,3.420683534661296,32,256,15.394483188876013,2.407064953376838,10387.0530853186
Dell,1.7761852828284868,32,256,11.710490235055593,4.101295397469512,10723.115825341803
Lenovo,2.084019377624774,32,256,12.46237689514605,3.589141898325103,10428.1312270273
Lenovo,3.969305974340079,8,256,15.496342716806954,4.9255399279265255,9647.836304717026
Dell,2.0456347196626603,32,256,15.52319044302155,3.884358593730716,10059.050423626955
Asus,3.874902959875564,16,256,16.228810528259203,4.79192742905588,9968.179815116977
Dell,3.4658625360388804,4,256,15.073870958228252,4.028315077443056,9471.946769197091
Lenovo,3.8618300557285257,8,256,12.965312991080795,4.3700445246796455,9905.976594804111
Asus,2.0766745292943964,32,256,14.07370854346091,2.3190118920446814,10558.374400119386
Lenovo,1.644606691408491,16,256,15.658935815906109,2.000559584511989,9608.2795423112
Asus,3.819380707988032,4,256,15.039478636127187,3.3723291676096645,9576.799205329233
Acer,1.9347381230487184,16,256,16.31371858545064,3.366149406441823,9594.15776505564
HP,2.982349837104258,32,256,12.220618850816548,4.604507885979512,10454.862431857224
HP,3.693652156575951,4,256,14.18946438064996,4.02686392879473,9480.671471848873
HP,2.1640001064717653,4,256,14.063370772456029,2.1142589017979576,8909.468097718878
Dell,1.8237873032070104,8,256,15.92359254605952,3.859905694622492,9379.787385975013
Dell,3.721870199672443,32,256,13.427411938424104,4.094595292029499,10692.554536342968
Dell,3.889128745574384,32,256,13.906066557749051,2.644749594160157,10742.170263455198
Lenovo,3.6553190431636255,32,256,11.080206099556374,2.1258922203309027,10722.279304129946
Dell,2.431721292530785,8,256,11.25191257345753,3.589911023064262,9411.265535787075
Acer,2.149384459400816,32,256,13.875560539487225,4.03517565650904,10428.784835638491
Dell,1.7026155397691198,4,256,16.08756730258009,2.516258097357879,8938.607532046088
Asus,2.737866317534936,32,256,16.9353065237465,3.843200022293972,10433.695261078468
Acer,3.696574965887895,8,256,15.239805580805578,4.747364718362381,9506.548360762825
HP,3.1461295866460635,8,256,13.216891604188282,2.9209168466270548,9373.865607791506
HP,3.270907441787587,4,256,16.57573041357236,2.969299104999012,9281.467499262955
Asus,3.702176897997321,16,256,11.62207148440566,3.267968101366875,9990.735036238431
Asus,2.337797135647855,4,256,14.126439143050328,4.357775828626741,9085.709823337274
Lenovo,3.3587706407290194,32,256,13.10121794654438,3.853794679538894,10625.405372692512
Asus,1.9018997401207705,4,256,15.064840488940838,3.025541856494276,9352.730816495696
Acer,3.544917560297656,32,256,15.551011285498344,4.621624866563055,10574.274152103791
Asus,2.7686693344020905,4,256,12.24345379861327,2.6800719562247712,9405.330098502527
HP,1.515964679292084,8,256,15.27941520850002,3.700678388748608,9230.656162685767
Lenovo,2.217595332937282,32,256,13.319721035803006,3.054626780149094,10425.0758545074
Dell,3.0423172959393554,4,256,14.97490368164965,3.831132485954983,9098.353074666707
Asus,3.079533817541671,8,256,13.344530913977822,2.3493767914451373,9433.443385229784
Acer,1.767451597067396,16,256,15.64581609766757,4.716616513786703,9786.04722822343
Acer,2.2524089173670405,32,256,16.169082243361363,3.336159577933617,10425.010327871876
Dell,3.270430221613204,32,256,16.211837838940554,2.0437014642538367,10410.68801937096
Acer,2.955426150440683,4,256,15.474520274456756,4.598877307946544,9160.564023519024
Acer,2.364707642382392,16,256,14.347564670904204,2.493885284776006,9603.56820750981
Acer,3.9221946382142288,4,256,16.75098701400644,4.458828659197399,9415.277230204896
Asus,3.426018544519483,16,256,15.955506243896185,2.037023138181122,10323.867354410397
Asus,3.2012482551867825,4,256,15.48703144647243,2.022002452508541,9219.619833608687
HP,2.183148817495524,8,256,12.303385318718064,3.659871918869,9256.76448311221
HP,1.8776447294522507,4,256,12.584026099756796,4.983745967105779,8570.01295046808
Dell,2.580837002606505,4,256,13.491445834004242,2.6055255060912743,9058.405539825571
Acer,3.859039800418997,32,256,16.330784659537525,2.7743117874814054,10483.978626601363
Asus,3.0963148691602136,16,256,14.780239270879893,4.752629028961234,9674.42104073643
HP,2.4939859949069856,32,256,16.14872236550662,4.333433733375353,10259.568047457497
Dell,2.185538005871675,8,256,15.702634334103497,4.467017334370542,9469.108520618654
Lenovo,2.5233350157876075,16,256,12.206390912299671,3.5746999601775147,9852.218947732548
Asus,2.074886514727716,4,256,15.4173732951713,2.9911744209968494,9059.269729482983
HP,2.032761760062708,32,256,13.618517592377556,3.767643843043567,10740.17439367292
Dell,2.421315859309403,16,256,15.48802841822842,4.810783591193417,9602.42464377117
Lenovo,1.828112194205969,16,256,14.426973791734166,2.2734219183340327,9368.84270700251
HP,2.7038058787813752,8,256,16.095074033010224,2.9934394674924496,9296.26683615532
Lenovo,2.638050372704503,16,256,11.032076965126189,3.47122555755654,9717.434626463002
Dell,1.5290513497702516,8,256,16.630482463148866,2.508512275598176,9148.771656517109
HP,2.481233891016712,32,256,13.414009731423995,3.852587345186935,10231.289820993528
HP,3.000051370298259,16,256,11.415969982326589,3.7630910548626377,9864.41377714835
Lenovo,3.2374547153163564,4,256,15.39802171777012,2.9959594142981083,8957.611388888343
Acer,1.7623254460454372,4,256,16.210464727648294,4.531265131961881,9226.493226207614
HP,1.8562388572537831,8,256,14.711162352309112,4.884847421138497,9301.58370356369
Dell,3.045389335795297,32,256,13.815711363954742,3.469611430153233,10597.817827122042
Lenovo,3.25616242636026,16,256,13.658356173982526,3.892152333475788,9842.035170669518
Dell,2.8991217087172854,8,256,13.964886023827296,4.2190486932893245,9425.202280608495
Asus,2.31615327060998,16,256,13.76700140752346,2.0500274404695173,9751.863110692431
HP,2.794279108461778,8,256,16.639590751818936,2.5843204930616777,9494.598859453254
Asus,1.5830077719784164,4,256,15.996991411214454,4.194686358683402,9109.54022824584
Dell,3.501466747772707,8,256,11.326344491133868,4.670414160340743,9246.784871162248
Asus,1.9187064556476745,4,256,16.845485924868537,3.378933792157212,9033.566194315728
Lenovo,3.266189316217253,4,256,15.486766098556236,3.705656766813836,9365.556673166084
Lenovo,1.578965362064105,4,256,15.861551520197189,2.177531215590625,8990.324452880152
Acer,3.272651298627291,8,256,14.478356942583348,2.033235657782929,10059.021865229906
Dell,3.677422809365214,8,256,13.717466421605664,4.19052035993203,9555.867038172206
Asus,3.50432020767448,8,256,11.363629446289458,3.30215652824287,9071.15239871061
HP,2.8689809403843407,32,256,13.729234656817209,4.192638869966623,11079.296980713389
Acer,3.5432444249062343,4,256,15.114203257601863,4.102176563852791,9415.264080027056
Lenovo,3.108944237991312,8,256,14.834192953489524,4.815994439880116,9899.157798256469
Asus,2.816006652340283,8,256,16.721210587109052,3.0495631525425635,9795.021054850456
Dell,3.3289738043883297,32,256,16.289693839267986,2.7314058131305385,10900.502074698152
Lenovo,1.6508802099764095,16,256,16.002751705512964,2.5964421828122086,9788.823673511592
Asus,1.8988617002829709,16,256,11.471346985542365,2.6738073202246544,9619.819786074037
Dell,2.0480349683951107,32,256,11.569450647604077,4.48249622490702,10350.814525506354
Acer,3.939663139547828,32,256,14.564496683418277,2.763621628764984,10638.50244334717
HP,3.4742462678561976,8,256,12.38476792355919,4.0980183987579295,9494.43894222929
Acer,2.745489291132848,16,256,14.69788695339738,4.23421018348763,9848.92119756115
Lenovo,2.8884088773440784,8,256,12.47771611286319,3.2372091814035984,9048.60910679841
Lenovo,3.990834790141855,16,256,14.00945419950769,2.3915136789123195,10192.670247531909
Asus,1.5766312555145152,4,256,11.751323357100988,2.548253497962308,9123.785347356164
Acer,2.656557391848291,8,256,12.297362054766678,3.246542189186198,9596.573600521036
Acer,3.670681263520952,16,256,15.147270856319242,4.7240452681249225,9974.814913952585
Dell,3.3567663029999526,8,256,14.71394938819153,2.2739264076340104,9264.36247945563
HP,2.5637333361201886,32,256,16.644639798137007,2.956068811971571,10359.762908152476
HP,3.9691239093401447,32,256,13.085042494551086,3.72155179392508,11011.79350442628
Acer,1.6002729785312062,32,256,13.612361877054417,2.18270579929848,10461.214760305716
Dell,2.716672353561757,32,256,14.311262818527114,2.760838312579125,10572.38104129128
Asus,3.6835580952041513,8,256,15.736456531481512,3.926259522057197,9524.516541157198
Dell,2.5543023171836383,4,256,12.008708770395774,3.483563375361224,8969.499667250127
Acer,2.192069493087629,4,256,13.84970579158249,2.3650859201800167,8931.64158994445
Asus,3.780908364041728,8,256,16.65430072401366,2.948233051529792,9540.263683460851
Lenovo,1.8289192128181493,8,256,11.996130941857164,2.7672311046449014,9029.916399804506
Lenovo,1.949207772175605,8,256,11.933428621215814,2.54351555255006,9217.451938184204
Lenovo,2.093858312309694,16,256,12.243637874406003,4.372073305700504,9783.633851651786
HP,3.635962733423948,4,256,11.123124888375951,3.7821483967004337,9468.150557363018
Asus,2.730694641120087,8,256,15.959710073014932,3.768960485454643,9404.819380443085
HP,2.1180776860079424,32,256,13.1935742060238,2.2021306145657773,10413.731014080557
Dell,2.398083423499414,32,256,12.020692503855688,4.3180129643845,10554.60906823848
Lenovo,1.9088096814625568,4,256,15.660819992839327,3.7369329396624353,9087.071602980595
Dell,2.1453335817528187,16,256,12.628195781234064,3.814518288087744,9740.413388748191
Asus,3.1418416613532303,16,256,11.591497562134474,3.1623538877676163,9274.525545150296
Acer,3.924552612696362,32,256,11.9358851821936,2.797993079277974,11255.348016729007
Acer,1.924394762718852,32,256,12.870138971090247,3.9877037532163553,10719.665409273986
Lenovo,2.5772188091545147,32,256,13.650478949826242,2.0568362101230635,10517.182685967558
Acer,3.0428624665100754,4,256,13.374247781442756,2.625198720854995,8975.326466281276
Lenovo,1.9176047697523744,16,256,12.691514257428375,3.9154663543974064,9526.042606303856
HP,3.1595113190545128,32,256,14.28342512252386,2.002788250609884,10307.602054620887
Dell,3.514175382375133,8,256,12.195475726449883,2.6283673085285333,9431.367188490723
Lenovo,1.7797990484943198,8,256,15.590961972900596,2.1208668372036263,9341.544154752515
Acer,1.598358851671274,16,256,14.936330131854223,4.411265708035288,9252.224764996936
Asus,2.630497570708588,16,256,15.122234903494885,3.157818532810782,9804.015334953754
HP,2.768087021720981,16,256,15.798307481712316,2.454113513789825,9642.707126680169
Asus,1.6039321476259802,32,256,11.739395454297949,2.4556585170098906,10438.451567581356
HP,1.8708580024052224,8,256,15.191183751254822,2.985674449657396,8960.49719990869
Dell,3.8795294635580975,16,256,16.339302358840918,3.2845518196015187,9848.907001761569
Dell,2.636849639084648,4,256,15.417438860803,3.1008842210216017,8951.260150923878
Dell,2.7889900714481257,32,256,14.077382333112856,2.441681223231551,10805.22151252119
Acer,1.5749339746816948,4,256,16.593936549373264,3.1948416472671632,9026.508630007324
Acer,3.261701906841617,8,256,12.676495305056433,3.570221555202416,9283.177998259893
Lenovo,3.1835810833122933,8,256,16.128220700559183,4.436232833026037,9468.282674289843
Acer,3.924780115268176,8,256,11.991813716827767,4.475634113778893,9684.282946767202
Dell,3.6703556359437632,32,256,16.419144673006574,2.4294840734335788,10521.560806348574
HP,1.9428744736184649,16,256,14.623105895241668,3.9731484418278606,9643.781766169588
HP,3.231564880565412,8,256,14.459684042778306,3.924705700054983,9346.199597968807
Acer,3.208120070724114,4,256,15.713858621174763,4.709744315285391,9240.67613254145
Dell,1.5759676492420922,4,256,15.37678261898998,3.4569405960028314,9049.026871794313
Acer,3.223816877578903,4,256,13.025895811995408,4.778615605653036,9412.59985713488
Dell,3.12808244260373,8,256,14.131718020871382,2.2925230773916256,9459.669088422834
Acer,1.766482575769977,16,256,14.533598449673384,4.559987649676364,9611.790008278744
Dell,2.517269901807176,4,256,13.25918172673579,2.730713377593896,9121.350285490576
Asus,3.455963710145684,16,256,12.592220669611851,2.19105430250755,10040.27411209842
Acer,3.69628890325337,4,256,12.763694606101383,3.3362285633173605,9262.458812489702
Acer,3.168983463908962,8,256,16.66799439302657,2.706868553574945,9470.813523423903
Acer,3.5196148548531463,8,256,14.65964935157631,4.830722432105532,9647.162498392676
Dell,1.8005226384265212,32,256,15.635097716476425,4.959689342343231,10195.392260005525
Acer,2.861222744902124,4,256,15.214930049530814,3.793519960537055,9232.829064224456
Acer,2.4904317290231384,8,256,15.224499627928036,3.915051732261295,9137.90627075809
Dell,2.6217340565563267,32,256,15.248731009403752,4.878416548866236,10617.701964091477
HP,1.682989809421109,8,256,11.272715002614776,4.4616564177671565,9125.494379894904
HP,3.170531996387541,32,256,12.360447106441669,3.90814202701738,11019.56817405083
Lenovo,3.0487258650240365,32,256,15.0201952268454,3.2053794053282734,10374.526469146394
Asus,3.658334123929563,32,256,11.74040489123358,3.431600238253884,10881.506435734313
Dell,2.497056952242251,8,256,15.7760444145637,3.4063696415203726,9217.345503076524
Acer,2.834006366817196,32,256,12.293004553205307,4.7665757841538525,10668.03049422374
Lenovo,3.4122081538553206,32,256,13.794095250573676,2.912725591481588,10614.656373393547
Asus,3.817586361990767,16,256,14.909094099973355,3.888885034815778,10138.50213465183
Dell,2.14194141930127,16,256,13.195314857341282,4.734544177597552,9877.701371611463
Acer,2.212182254904807,32,256,12.908297435305512,2.6645518163393174,10603.04588948062
Asus,3.5075647445816585,8,256,13.586674430582027,2.7669172813860845,9681.81450367459
HP,2.847903191688136,4,256,11.525291984166683,3.58269094699826,9197.983310634145
HP,3.025834458277296,32,256,13.511493713188935,2.5023792335539654,10601.345449746035
HP,1.9528733738367008,16,256,14.822568204946656,2.189389727623899,9636.022750232672
Lenovo,1.7671923077368596,8,256,14.717695561669531,3.590187365155197,9384.527047699774
Lenovo,2.141406959253409,16,256,14.037981856125608,3.2321277361749985,9829.301900203083
Dell,3.9073171880939497,32,256,13.102479500061184,4.452870134913459,10424.744893239906
HP,2.030112099770567,16,256,12.878979210978663,4.536960566832027,9600.27269279034
Lenovo,2.527571174516762,32,256,11.53393828913808,2.004931271337349,10573.858560372246
Acer,3.750057808495028,16,256,14.246017393565976,3.71228444287722,10001.832841756575
HP,3.4513137881096547,4,256,13.7168822852655,2.316215857868501,9110.314750358611
Acer,3.168874748228676,16,256,15.260795843387225,4.466684337731032,9936.623236873858
Dell,1.9200355193621583,4,256,12.136360507309076,2.6955238751441795,8994.58494573542
Lenovo,2.041849500226939,8,256,16.42859805008071,2.726523951042412,9337.256259297008
Dell,3.017735090221952,16,256,12.765600419822686,2.7034984330222813,9932.648143307568
Acer,2.079867740289939,16,256,16.649197461706645,4.75352264928066,9725.353722230924
Dell,2.4772649897637864,32,256,15.705237046191602,2.3240868724747377,10270.601136617244
Asus,2.741917147147924,16,256,16.189775630691212,4.250782382261947,10026.49773571635
Acer,2.5107969202607303,8,256,13.140612269739636,3.356607437310616,9956.631886857773
HP,1.7602741234604158,8,256,15.378271438984534,4.014763228816777,9314.484774693694
Lenovo,2.9459672925160225,8,256,14.622781951574575,3.604900020228332,9498.257175309209
Lenovo,2.185401666399515,8,256,16.178813226414434,2.1130931747445585,9174.856632312052
Asus,1.7141456239910764,32,256,12.040058317851685,2.962173573379873,10530.53993687592
Acer,3.735477186660296,4,256,13.914904573475788,3.687288122353763,9259.826095812132
HP,2.308428905288802,8,256,15.09291896936981,4.347500433140881,9323.03963602629
HP,3.500891269555904,16,256,13.340721408130037,4.576284289516112,10194.662373108871
Dell,2.0842802047760824,32,256,13.130789886522876,2.977644027847372,10487.59944027047
Dell,2.8500297865112767,4,256,11.271495134113326,4.862126795234257,8946.643610745541
Asus,3.127193422617985,32,256,11.091061293720962,2.054825209170519,10687.069407463854
Dell,2.310834382788439,8,256,11.635119415267454,2.2059459984436165,9303.60339705879
Asus,3.1545979746234467,8,256,13.46514255104298,3.612753877077697,9460.145105117126
HP,2.905742039694774,16,256,15.679929961463266,3.0898183891966986,9725.671350790091
HP,1.9382573558941487,8,256,11.453966623424666,4.93248877462668,8962.71143253269
Dell,3.225012227051664,16,256,13.169248392524231,4.423596937051944,9612.3525237855
Asus,2.002334221647641,4,256,11.553007750834594,4.212229832935838,9111.31193516215
Dell,2.625927340645463,4,256,16.374187779196234,3.0179685069671334,8836.578529356853
Asus,2.368928810597456,8,256,15.198231236596856,4.981351926134517,9282.277068695445
Lenovo,3.817944548698632,16,256,12.33837236925654,4.532944592457147,9791.15470145468
Dell,3.8175024198107375,16,256,12.4774649658236,2.0622740963718926,9702.78754189184
Acer,2.849892825701399,16,256,13.541287495951378,4.282657933014529,10273.94804271075
Acer,3.605083235941053,32,256,15.761423927232808,2.128218818185854,10966.959225605731
Lenovo,3.0589642200068994,32,256,15.69230461558255,2.355981843423616,10903.73248244458
Dell,1.7228110802900416,8,256,12.4404244429254,2.515629536407773,9034.603152020143
Acer,3.565169075631321,32,256,11.16350007170489,2.417006615597233,10560.36350044493
Asus,3.455070219175965,32,256,14.141518911328715,3.320213225199496,10856.606358975563
HP,3.271861744357441,4,256,12.309559236162375,3.4485538232303146,9273.581909907169
Asus,1.5904009513119053,8,256,16.93659059467779,2.636856925005774,9290.096987341743
Asus,2.4003410186787977,4,256,15.132575244868192,3.507396949288297,9287.756516757589
Lenovo,2.4924537926857084,16,256,15.763576315159789,3.5111251612522123,9718.504049627418
HP,3.9803950370582815,8,256,13.150007940030044,4.102806095053998,9550.586044502412
Asus,3.6285623943627394,4,256,16.47735466841945,2.5828207130054044,9310.97376700503
Asus,3.6949358011126736,8,256,15.689033886453092,2.3546672362173795,9605.248956027845
Dell,3.6701417252686257,4,256,12.654544426647687,3.204492831694629,9268.415327997422
HP,3.514813500294053,4,256,12.225480553473004,4.379385613889169,9320.050038383062
Lenovo,1.933811287466272,16,256,14.610092984109777,2.782755738950504,9654.234216413864
Acer,3.556201409085902,8,256,14.71543419232149,2.347469246710383,9530.952687533918
HP,1.831311681854621,4,256,12.992658699848748,4.117868709740021,8771.368296242576
Asus,3.4120245022574887,16,256,14.073802081322484,3.433226379198608,9737.946500559405
Acer,2.756415191158606,8,256,11.264242276330789,4.303909934185494,8965.445226169082
Lenovo,1.670430773463734,4,256,15.088118079448092,3.593328489012583,8780.660812137545
Lenovo,1.5645297673737175,4,256,16.641099147512495,4.237152998614362,8807.45631198526
Acer,3.907787778972936,32,256,12.917912331752376,4.089684206432139,10776.326669448184
Asus,3.91455540288305,16,256,16.395562153548138,4.460972264441603,9937.855120726465
HP,2.5812446958253297,32,256,16.77356867965494,3.6855913694285554,10583.974206579704
Dell,2.598779221582276,4,256,14.189966142586895,3.8575041327291753,9101.456489806602
Asus,3.1020657867255155,4,256,12.66859709039814,4.066431510769961,9432.751389592717
Lenovo,2.040095456273999,4,256,12.301737475183277,3.6558090831814,8921.533462229636
Lenovo,3.048969887244574,32,256,12.728032075544249,2.7255145862460592,10674.025311431891
Dell,3.125502730995384,16,256,14.337968043542476,3.2779925584052845,10061.27182276968
Lenovo,3.4519039651711,32,256,11.937702257298657,3.6931861410169686,11021.313118799026
Dell,2.6495010594233004,32,256,12.32053206122832,4.798869876584682,10692.58576411101
Acer,3.959197313158534,16,256,16.81204763344614,2.579480025225298,10384.21040704151
Acer,2.097950260539814,32,256,12.574057800685674,3.4139248237223634,10680.026168958457
HP,3.534925673765047,8,256,12.888954976109892,4.560963646823335,9429.518083614452
Lenovo,3.038048595577527,32,256,11.258314416294011,4.175861253063665,10615.154383936717
Acer,2.265634051966529,4,256,15.685783181866611,3.081182120162333,9100.836436937352
HP,2.6244616220533064,32,256,16.65904893776771,2.6947970742916967,10404.656364747576
Acer,1.9865562795519127,4,256,12.422866795866268,4.546771608428219,9105.360514190024
Lenovo,3.3340359514035054,16,256,13.602623396108106,3.0285168944163523,9953.512205585715
Asus,3.4007245578053373,4,256,14.356432554364142,2.847103757127969,8966.377697268257
Dell,2.8382753286314792,8,256,15.27707597516573,4.629841481047675,9197.072872167342
Dell,2.0380046800430938,32,256,15.180170668620493,4.186609413465023,10368.844116768449
HP,3.61089270684904,8,256,13.726418926879717,2.163535782313479,9506.2435788224
Dell,1.7452064519606114,8,256,15.68113561089797,2.942131420755297,9134.695215844837
Asus,3.3433926934695,4,256,13.585903411524932,2.261327868384302,9106.686028786318
Acer,2.6900453234219164,4,256,12.826955196493705,3.4621533250161285,9213.792839595322
Acer,2.4861906964250884,8,256,11.394152698937956,2.7852533004034474,9376.584994369729
Asus,3.462541359592642,16,256,13.519092186117906,4.488155450427124,9929.37740987491
Acer,3.730211722350586,32,256,13.981373111000291,2.5710109252851425,10382.840434256868
Lenovo,3.467258465638237,32,256,15.657742865095686,3.660675597987074,10881.587053000309
Lenovo,2.288517239370032,8,256,11.783007584703103,2.897696012903181,9453.54246975951
Asus,2.59400781013848,4,256,13.653513659117356,2.936575651359164,9277.58422575505
HP,3.6021789485648066,4,256,15.345395285671696,4.3889019902453965,9261.621121538949
Lenovo,1.5960658724058123,4,256,15.142434331466433,4.498812176955983,9495.625371845676
Lenovo,3.0348339619001545,32,256,12.40996566520815,4.234475226589739,10148.017388946038
Dell,2.780554802031686,8,256,12.67935591347856,3.7502645570553055,9149.52183158709
Asus,1.6041822515059607,8,256,11.215581093115835,3.857612951876464,9407.473458677823
Lenovo,1.711980040114508,4,256,16.56149807798665,3.4408827763740675,8807.696701661907
